{"records": [
    {
        "jsonSchemaLocation": "/SalesForce/Service Descriptors/sfContacts_1.0.json",
        "conversionType": "generated",
        "xsdSchemaTargetNamespace": "/T1542563262579Converted/JsonSchema"
    },
    {
        "jsonSchemaLocation": "/SalesForce/Service Descriptors/sfContacts_1.0.json",
        "conversionType": "generated",
        "xsdSchemaTargetNamespace": "/T1542563752405Converted/JsonSchema"
    },
    {
        "jsonSchemaLocation": "/SalesForce/Service Descriptors/sfContacts_1.0.json",
        "conversionType": "generated",
        "xsdSchemaTargetNamespace": "/T1542564001392Converted/JsonSchema"
    }
]}